[
	{
		"id":1,
		"resourceId":11547,
		"productName":"UPACommonPersonAuthServer",
		"description":"正常返回",
		"cardNo":"6215731118365928",
		"idCard":"131724199507141006",
		"idCardEncryptType":"MD5",
		"mobile":"17795001111",
		"name":"张三"
	},
	{
		"id":2,
		"resourceId":11547,
		"productName":"UPACommonPersonAuthServer",
		"description":"验证失败",
		"cardNo":"6315731118365928",
		"idCard":"310102199606011006",
		"idCardEncryptType":"MD5",
		"mobile":"13895001111",
		"name":"赵四"
	}
]